{
  "id": "nyendras-steew-cooker",
  "title": "Nyendra's Steew Cooker",
  "description": "A collection of homebrew rules and chat enhancements for Steew's campaign, including combat color-coding and quick chat message deletion.",
  "version": "1.1.1",
  "compatibility": {
    "minimum": "13",
    "verified": "13"
  },
  "authors": [
    {
      "name": "Nyendra"
    }
  ],
  "relationships": {
    "systems": [
      {
        "id": "dnd5e",
        "type": "system",
        "compatibility": {
          "minimum": "3.0.0"
        }
      }
    ]
  },
  "esmodules": [
    "scripts/settings.js",
    "scripts/item-durability.js",
    "scripts/durability-naming-config.js",
    "scripts/chat-trash-icon.js",
    "scripts/chat-combat-color-fix.js",
    "scripts/main.js"
  ],
  "styles": [
    "styles/chat-helper.css",
    "styles/player-equipment-viewer.css",
    "styles/item-durability.css",
    "styles/durability-naming-config.css"
  ],
  "url": "https://github.com/Nyendra/nyendras-steew-cooker",
  "manifest": "https://github.com/Nyendra/nyendras-steew-cooker/releases/latest/download/module.json",
  "download": "https://github.com/Nyendra/nyendras-steew-cooker/releases/download/1.1.1/module.zip",
  "license": "",
  "readme": "",
  "bugs": ""
}
